ANC,OR
European,1.181601182
Asian,1.24444021
African,1.161847799
